{
  "fail_gt_10": 0.3012345679012346,
  "fail_gt_2": 0.762962962962963,
  "fail_gt_5": 0.6111111111111112,
  "mean": 7.9075287343739165,
  "mean_ci_high": 8.415357181439706,
  "mean_ci_low": 7.429303291282073,
  "median": 6.532316922418339,
  "method": "full_image_gray_world",
  "n": 810.0,
  "p95": 22.502933505972454,
  "split": "test",
  "std": 7.014609063736108
}