{
  "fail_gt_10": 0.16161616161616163,
  "fail_gt_2": 0.6464646464646465,
  "fail_gt_5": 0.6060606060606061,
  "mean": 5.801101761920462,
  "mean_ci_high": 6.750733827389382,
  "mean_ci_low": 4.804229322141662,
  "median": 6.778309197699634,
  "method": "full_image_white_patch",
  "n": 99.0,
  "p95": 13.425094775861176,
  "split": "test",
  "std": 5.017930387990767
}