{
  "fail_gt_10": 0.3533950617283951,
  "fail_gt_2": 0.9583333333333334,
  "fail_gt_5": 0.7129629629629629,
  "mean": 8.181112657578414,
  "mean_ci_high": 8.521386505163013,
  "mean_ci_low": 7.842299460261541,
  "median": 7.253802199426435,
  "method": "copy_source",
  "n": 648.0,
  "p95": 16.099676339286585,
  "split": "test",
  "std": 4.420517113085794
}