{
  "fail_gt_10": 0.030303030303030304,
  "fail_gt_2": 0.6262626262626263,
  "fail_gt_5": 0.37373737373737376,
  "mean": 3.7928693042874975,
  "mean_ci_high": 4.491206855932612,
  "mean_ci_low": 3.112117122649024,
  "median": 3.6681832209999254,
  "method": "diagonal",
  "n": 99.0,
  "p95": 9.727259401097784,
  "split": "test",
  "std": 3.5520440745901216
}