{
  "fail_gt_10": 0.22303030303030302,
  "fail_gt_2": 0.7648484848484849,
  "fail_gt_5": 0.5793939393939394,
  "mean": 6.537260781468708,
  "mean_ci_high": 6.89908754228595,
  "mean_ci_low": 6.180528941692254,
  "median": 6.311840969104158,
  "method": "full_image_shades_of_gray",
  "n": 825.0,
  "p95": 17.14236328382815,
  "split": "test",
  "std": 5.2853319197148485
}