{
  "fail_gt_10": 0.0036363636363636364,
  "fail_gt_2": 0.6048484848484849,
  "fail_gt_5": 0.07515151515151515,
  "learned_input_policy": "includes_source_object",
  "mean": 2.650307244477848,
  "mean_ci_high": 2.757559173460685,
  "mean_ci_low": 2.547255495394205,
  "median": 2.2911811333553387,
  "method": "direct_21d",
  "n": 825.0,
  "n_iter": 494,
  "p95": 5.523192210113807,
  "split": "test",
  "std": 1.558699281676559,
  "test_n": 825,
  "train_n": 3775,
  "val_n": 800
}