{
  "fail_gt_10": 0.0962962962962963,
  "fail_gt_2": 0.7506172839506173,
  "fail_gt_5": 0.4691358024691358,
  "learned_input_policy": "reference_patches_only",
  "mean": 4.8707438434830745,
  "mean_ci_high": 5.129554296172254,
  "mean_ci_low": 4.618661637581105,
  "median": 4.758470367294274,
  "method": "transform_matrix",
  "n": 810.0,
  "n_iter": 112,
  "p95": 11.552588951665287,
  "residual_scale": 0.5,
  "split": "test",
  "std": 3.786854486912733,
  "test_n": 810,
  "train_n": 3780,
  "val_n": 810
}