{
  "fail_gt_10": 0.06181818181818182,
  "fail_gt_2": 0.7478787878787879,
  "fail_gt_5": 0.4121212121212121,
  "learned_input_policy": "reference_patches_only",
  "mean": 4.5264422074350605,
  "mean_ci_high": 4.766577615854676,
  "mean_ci_low": 4.295799411724241,
  "median": 4.409765390728005,
  "method": "transform_matrix",
  "n": 825.0,
  "n_iter": 121,
  "p95": 10.50805886831223,
  "residual_scale": 0.0,
  "split": "test",
  "std": 3.5430086335109094,
  "test_n": 825,
  "train_n": 3775,
  "val_n": 800
}