{
  "fail_gt_10": 0.20202020202020202,
  "fail_gt_2": 0.6464646464646465,
  "fail_gt_5": 0.5858585858585859,
  "mean": 6.0407512859275725,
  "mean_ci_high": 7.099127638701326,
  "mean_ci_low": 4.978221735585335,
  "median": 6.6792613799337195,
  "method": "full_image_shades_of_gray",
  "n": 99.0,
  "p95": 15.375166243404948,
  "split": "test",
  "std": 5.4622409119213735
}