{
  "fail_gt_10": 0.2506172839506173,
  "fail_gt_2": 0.7703703703703704,
  "fail_gt_5": 0.6172839506172839,
  "mean": 6.865013345248888,
  "mean_ci_high": 7.251388073719436,
  "mean_ci_low": 6.504568813904795,
  "median": 6.672786483969601,
  "method": "full_image_white_patch",
  "n": 810.0,
  "p95": 17.065994690115172,
  "split": "test",
  "std": 5.337204000771165
}