{
  "fail_gt_10": 0.27636363636363637,
  "fail_gt_2": 0.7854545454545454,
  "fail_gt_5": 0.64,
  "mean": 6.8914355956843325,
  "mean_ci_high": 7.225306413696852,
  "mean_ci_low": 6.552041958319814,
  "median": 6.8118407751230405,
  "method": "full_image_gray_edge",
  "n": 825.0,
  "p95": 16.173898045574557,
  "split": "test",
  "std": 5.0409122169665626
}