{
  "fail_gt_10": 0.30864197530864196,
  "fail_gt_2": 0.970679012345679,
  "fail_gt_5": 0.6388888888888888,
  "mean": 7.827183716025751,
  "mean_ci_high": 8.208273936803451,
  "mean_ci_low": 7.482905022718127,
  "median": 6.308736070967711,
  "method": "cfcc_ecfa_t1",
  "n": 648.0,
  "p95": 17.05655490171683,
  "split": "test",
  "std": 4.772868298828419
}