{
  "fail_gt_10": 0.18055555555555555,
  "fail_gt_2": 0.9861111111111112,
  "fail_gt_5": 0.6358024691358025,
  "mean": 7.486129106413287,
  "mean_ci_high": 7.872824459388112,
  "mean_ci_low": 7.10057185841639,
  "median": 5.732569013277182,
  "method": "affine_ls",
  "n": 648.0,
  "p95": 18.92816961993511,
  "split": "test",
  "std": 5.17871275418152
}