{
  "fail_gt_10": 0.25555555555555554,
  "fail_gt_2": 0.7641975308641975,
  "fail_gt_5": 0.6074074074074074,
  "mean": 6.9879738991427285,
  "mean_ci_high": 7.390481927190321,
  "mean_ci_low": 6.615535502139521,
  "median": 6.600913722333635,
  "method": "full_image_shades_of_gray",
  "n": 810.0,
  "p95": 17.983890722901698,
  "split": "test",
  "std": 5.591832859934835
}