{
  "fail_gt_10": 0.030303030303030304,
  "fail_gt_2": 0.6464646464646465,
  "fail_gt_5": 0.32323232323232326,
  "mean": 3.588426245615063,
  "mean_ci_high": 4.228228220089753,
  "mean_ci_low": 2.9762691946809934,
  "median": 3.505837020895295,
  "method": "full_matrix_ls",
  "n": 99.0,
  "p95": 9.698652572158197,
  "split": "test",
  "std": 3.25076210237238
}