{
  "fail_gt_10": 0.2828282828282828,
  "fail_gt_2": 0.6464646464646465,
  "fail_gt_5": 0.5858585858585859,
  "mean": 7.17271352028167,
  "mean_ci_high": 8.572602518211534,
  "mean_ci_low": 5.812188803158528,
  "median": 7.130942520939441,
  "method": "full_image_gray_world",
  "n": 99.0,
  "p95": 20.720776647435738,
  "split": "test",
  "std": 7.166414932324327
}