{
  "fail_gt_10": 0.15123456790123457,
  "fail_gt_2": 0.9799382716049383,
  "fail_gt_5": 0.6095679012345679,
  "learned_input_policy": "reference_patches_only",
  "mean": 6.649543433765771,
  "mean_ci_high": 6.942519990759815,
  "mean_ci_low": 6.378795454881275,
  "median": 5.710086242743312,
  "method": "transform_matrix",
  "n": 648.0,
  "n_iter": 94,
  "p95": 14.259853246551309,
  "residual_scale": 0.05,
  "split": "test",
  "std": 3.8009046345758444,
  "test_n": 648,
  "train_n": 3888,
  "val_n": 864
}