{
  "fail_gt_10": 0.1919191919191919,
  "fail_gt_2": 0.6161616161616161,
  "fail_gt_5": 0.5353535353535354,
  "mean": 5.972707574463007,
  "mean_ci_high": 7.246080513501577,
  "mean_ci_low": 4.813988249290066,
  "median": 5.46332782915259,
  "method": "fc4_colorchecker",
  "n": 99.0,
  "p95": 17.696694853793947,
  "split": "test",
  "std": 6.278045827872676
}