{
  "fail_gt_10": 0.030303030303030304,
  "fail_gt_2": 0.6464646464646465,
  "fail_gt_5": 0.32323232323232326,
  "mean": 3.5883544420398485,
  "mean_ci_high": 4.228190890171704,
  "mean_ci_low": 2.976160574712188,
  "median": 3.505597590619979,
  "method": "m3cb",
  "n": 99.0,
  "p95": 9.699044273552888,
  "split": "test",
  "std": 3.250994172665067
}