{
  "fail_gt_10": 0.32323232323232326,
  "fail_gt_2": 0.6666666666666666,
  "fail_gt_5": 0.6262626262626263,
  "mean": 6.464574629839674,
  "mean_ci_high": 7.403216067289327,
  "mean_ci_low": 5.4429634567226435,
  "median": 7.9713147691785,
  "method": "full_image_gray_edge",
  "n": 99.0,
  "p95": 12.902101289301875,
  "split": "test",
  "std": 5.038367848857972
}