{
  "fail_gt_10": 0.34444444444444444,
  "fail_gt_2": 0.7851851851851852,
  "fail_gt_5": 0.671604938271605,
  "mean": 7.811077153346914,
  "mean_ci_high": 8.220066914719546,
  "mean_ci_low": 7.4264518526982215,
  "median": 7.64395823150732,
  "method": "copy_source",
  "n": 810.0,
  "p95": 17.933706892101764,
  "split": "test",
  "std": 5.840466836705653
}