{
  "fail_gt_10": 0.47515151515151516,
  "fail_gt_2": 0.8812121212121212,
  "fail_gt_5": 0.6593939393939394,
  "learned_input_policy": "reference_patches_only",
  "mean": 20.82248927406927,
  "mean_ci_high": 22.536208244925742,
  "mean_ci_low": 19.198709244595204,
  "median": 8.926926653271087,
  "method": "transform_diagonal",
  "n": 825.0,
  "n_iter": 250,
  "p95": 73.56831525224578,
  "split": "test",
  "std": 24.430809916552665,
  "test_n": 825,
  "train_n": 3775,
  "val_n": 800
}