{
  "fail_gt_10": 0.21141975308641975,
  "fail_gt_2": 0.9089506172839507,
  "fail_gt_5": 0.6095679012345679,
  "mean": 7.190051381446505,
  "mean_ci_high": 7.600491524357629,
  "mean_ci_low": 6.809346871471345,
  "median": 5.762208538574072,
  "method": "full_image_gray_world",
  "n": 648.0,
  "p95": 18.832831001534874,
  "split": "test",
  "std": 5.146648962667568
}