{
  "fail_gt_10": 0.3575757575757576,
  "fail_gt_2": 0.7927272727272727,
  "fail_gt_5": 0.6666666666666666,
  "mean": 8.248222455844234,
  "mean_ci_high": 8.676512925743921,
  "mean_ci_low": 7.805318649882357,
  "median": 7.540375149468748,
  "method": "cfcc_ecfa_t1",
  "n": 825.0,
  "p95": 20.54938927416076,
  "split": "test",
  "std": 6.508980380994641
}