{
  "fail_gt_10": 1.0,
  "fail_gt_2": 1.0,
  "fail_gt_5": 1.0,
  "learned_input_policy": "reference_patches_only",
  "mean": 29.20564318767687,
  "mean_ci_high": 29.87020022531927,
  "mean_ci_low": 28.588548457433394,
  "median": 26.6312490360861,
  "method": "direct_18d",
  "n": 825.0,
  "n_iter": 76,
  "p95": 46.21996421593172,
  "residual_scale": null,
  "split": "test",
  "std": 9.352377699446434,
  "test_n": 825,
  "train_n": 3775,
  "val_n": 800
}