{
  "fail_gt_10": 0.18055555555555555,
  "fail_gt_2": 0.9861111111111112,
  "fail_gt_5": 0.6358024691358025,
  "mean": 7.486516443349351,
  "mean_ci_high": 7.8732679936645935,
  "mean_ci_low": 7.100920623376057,
  "median": 5.732234582878989,
  "method": "channel_regression",
  "n": 648.0,
  "p95": 18.93071755865624,
  "split": "test",
  "std": 5.179451858985089
}