{
  "fail_gt_10": 0.5656565656565656,
  "fail_gt_2": 1.0,
  "fail_gt_5": 0.9797979797979798,
  "mean": 11.831398190711218,
  "mean_ci_high": 12.737141913590662,
  "mean_ci_low": 10.947840640502598,
  "median": 11.246100025471643,
  "method": "knn",
  "n": 99.0,
  "p95": 20.07237377044078,
  "split": "test",
  "std": 4.441838727451268
}