{
  "fail_gt_10": 0.1697530864197531,
  "fail_gt_2": 0.9104938271604939,
  "fail_gt_5": 0.5771604938271605,
  "mean": 6.3876570548578835,
  "mean_ci_high": 6.680826475546086,
  "mean_ci_low": 6.106989334205727,
  "median": 5.685255730309553,
  "method": "full_image_shades_of_gray",
  "n": 648.0,
  "p95": 13.820128787344949,
  "split": "test",
  "std": 3.7483717744807676
}