{
  "fail_gt_10": 0.29506172839506173,
  "fail_gt_2": 0.7814814814814814,
  "fail_gt_5": 0.6444444444444445,
  "mean": 7.128508523325267,
  "mean_ci_high": 7.501789516471958,
  "mean_ci_low": 6.7686251062244605,
  "median": 6.96912407225516,
  "method": "full_image_gray_edge",
  "n": 810.0,
  "p95": 16.24385376303729,
  "split": "test",
  "std": 5.275159187678251
}