{
  "fail_gt_10": 0.3148148148148148,
  "fail_gt_2": 0.9660493827160493,
  "fail_gt_5": 0.7129629629629629,
  "mean": 7.976069360939467,
  "mean_ci_high": 8.28361988062326,
  "mean_ci_low": 7.685031427973014,
  "median": 7.965529164929961,
  "method": "knn",
  "n": 648.0,
  "p95": 14.83810310814101,
  "split": "test",
  "std": 3.916890467534984
}