{
  "fail_gt_10": 0.31757575757575757,
  "fail_gt_2": 0.7903030303030303,
  "fail_gt_5": 0.6715151515151515,
  "mean": 7.580256434973024,
  "mean_ci_high": 7.955662685954442,
  "mean_ci_low": 7.20438460184919,
  "median": 7.1147003074505415,
  "method": "copy_source",
  "n": 825.0,
  "p95": 17.622309691589486,
  "split": "test",
  "std": 5.579825720664917
}