{
  "fail_gt_10": 0.0962962962962963,
  "fail_gt_2": 0.7555555555555555,
  "fail_gt_5": 0.4679012345679012,
  "mean": 4.86969896772126,
  "mean_ci_high": 5.128248282625236,
  "mean_ci_low": 4.616695222900295,
  "median": 4.751789056238662,
  "method": "full_matrix_ls",
  "n": 810.0,
  "p95": 11.570550308575736,
  "split": "test",
  "std": 3.7912267974113134
}