{
  "fail_gt_10": 0.25333333333333335,
  "fail_gt_2": 0.7854545454545454,
  "fail_gt_5": 0.6557575757575758,
  "mean": 7.05103280629861,
  "mean_ci_high": 7.415986169490076,
  "mean_ci_low": 6.6866675916169145,
  "median": 6.804866176957645,
  "method": "fc4_colorchecker",
  "n": 825.0,
  "p95": 17.050575830085307,
  "split": "test",
  "std": 5.3533161496124135
}