{
  "fail_gt_10": 0.13950617283950617,
  "fail_gt_2": 0.7617283950617284,
  "fail_gt_5": 0.5259259259259259,
  "mean": 5.5275333798774815,
  "mean_ci_high": 5.830069394011111,
  "mean_ci_low": 5.219497432968256,
  "median": 5.157453449710757,
  "method": "affine_ls",
  "n": 810.0,
  "p95": 13.59395686236201,
  "split": "test",
  "std": 4.5734134762765715
}