{
  "fail_gt_10": 0.08969696969696969,
  "fail_gt_2": 0.7636363636363637,
  "fail_gt_5": 0.4909090909090909,
  "mean": 4.997527980613972,
  "mean_ci_high": 5.270722698707118,
  "mean_ci_low": 4.739114850588698,
  "median": 4.861744107214666,
  "method": "diagonal",
  "n": 825.0,
  "p95": 11.465700435747829,
  "split": "test",
  "std": 3.8921729128646274
}