{
  "fail_gt_10": 0.3838383838383838,
  "fail_gt_2": 0.6666666666666666,
  "fail_gt_5": 0.6464646464646465,
  "mean": 7.011159404381644,
  "mean_ci_high": 8.045684120959416,
  "mean_ci_low": 5.9126217445528155,
  "median": 8.802693902731855,
  "method": "copy_source",
  "n": 99.0,
  "p95": 13.980548429313037,
  "split": "test",
  "std": 5.502992862353091
}