{
  "fail_gt_10": 0.37407407407407406,
  "fail_gt_2": 0.7876543209876543,
  "fail_gt_5": 0.6753086419753086,
  "mean": 8.700657282586233,
  "mean_ci_high": 9.196274238332805,
  "mean_ci_low": 8.235035634490366,
  "median": 8.075145379209403,
  "method": "cfcc_ecfa_t1",
  "n": 810.0,
  "p95": 21.94738022222199,
  "split": "test",
  "std": 6.898765214834982
}