{
  "fail_gt_10": 0.13950617283950617,
  "fail_gt_2": 0.7617283950617284,
  "fail_gt_5": 0.5259259259259259,
  "mean": 5.527552060388359,
  "mean_ci_high": 5.83015707882749,
  "mean_ci_low": 5.219468469884763,
  "median": 5.156968917003665,
  "method": "channel_regression",
  "n": 810.0,
  "p95": 13.59336049576526,
  "split": "test",
  "std": 4.573880850751246
}