{
  "fail_gt_10": 0.25575757575757574,
  "fail_gt_2": 0.7636363636363637,
  "fail_gt_5": 0.583030303030303,
  "mean": 7.345576534408733,
  "mean_ci_high": 7.7968199126130235,
  "mean_ci_low": 6.909357072547574,
  "median": 6.2013851050621,
  "method": "full_image_gray_world",
  "n": 825.0,
  "p95": 21.71720342566718,
  "split": "test",
  "std": 6.590051018025409
}