{
  "fail_gt_10": 0.14969135802469136,
  "fail_gt_2": 0.9783950617283951,
  "fail_gt_5": 0.6234567901234568,
  "mean": 6.696846290782758,
  "mean_ci_high": 6.987761119584602,
  "mean_ci_low": 6.422271367791259,
  "median": 5.768958676898018,
  "method": "full_matrix_ls",
  "n": 648.0,
  "p95": 14.218632019138035,
  "split": "test",
  "std": 3.756642737655261
}