{
  "fail_gt_10": 0.0962962962962963,
  "fail_gt_2": 0.7555555555555555,
  "fail_gt_5": 0.4679012345679012,
  "mean": 4.869675189195766,
  "mean_ci_high": 5.128244692881319,
  "mean_ci_low": 4.616653345524734,
  "median": 4.752356144998796,
  "method": "knn",
  "n": 810.0,
  "p95": 11.570720540177964,
  "split": "test",
  "std": 3.7914275704446
}