{
  "fail_gt_10": 0.06181818181818182,
  "fail_gt_2": 0.7478787878787879,
  "fail_gt_5": 0.4121212121212121,
  "mean": 4.526458616811329,
  "mean_ci_high": 4.766580549274829,
  "mean_ci_low": 4.295813460872229,
  "median": 4.409764417009505,
  "method": "full_matrix_ls",
  "n": 825.0,
  "p95": 10.508231367443022,
  "split": "test",
  "std": 3.5428316778306135
}