{
  "fail_gt_10": 0.12484848484848485,
  "fail_gt_2": 0.7733333333333333,
  "fail_gt_5": 0.5333333333333333,
  "mean": 5.570225488567173,
  "mean_ci_high": 5.876938625725685,
  "mean_ci_low": 5.272218689237416,
  "median": 5.2980639995861205,
  "method": "affine_ls",
  "n": 825.0,
  "p95": 13.6228116907212,
  "split": "test",
  "std": 4.47117720585907
}