{
  "fail_gt_10": 0.42424242424242425,
  "fail_gt_2": 0.6565656565656566,
  "fail_gt_5": 0.6262626262626263,
  "mean": 7.573601959702272,
  "mean_ci_high": 8.82108432479583,
  "mean_ci_low": 6.278264888435243,
  "median": 8.965480293601367,
  "method": "cfcc_ecfa_t1",
  "n": 99.0,
  "p95": 18.053504787087142,
  "split": "test",
  "std": 6.570195263768322
}