{
  "fail_gt_10": 0.14969135802469136,
  "fail_gt_2": 0.9783950617283951,
  "fail_gt_5": 0.6234567901234568,
  "mean": 6.696946923648001,
  "mean_ci_high": 6.98786139864342,
  "mean_ci_low": 6.4223594024268165,
  "median": 5.76893181612651,
  "method": "m3cb",
  "n": 648.0,
  "p95": 14.219074015535035,
  "split": "test",
  "std": 3.756741701030141
}