{
  "fail_gt_10": 0.14969135802469136,
  "fail_gt_2": 0.9151234567901234,
  "fail_gt_5": 0.595679012345679,
  "mean": 6.270369582214042,
  "mean_ci_high": 6.539396495257449,
  "mean_ci_low": 6.002811844491215,
  "median": 5.788685122352671,
  "method": "full_image_white_patch",
  "n": 648.0,
  "p95": 12.693062422379127,
  "split": "test",
  "std": 3.4134032764327626
}