{
  "fail_gt_10": 0.291358024691358,
  "fail_gt_2": 0.7901234567901234,
  "fail_gt_5": 0.6654320987654321,
  "mean": 7.4488516307233805,
  "mean_ci_high": 7.823347247061074,
  "mean_ci_low": 7.050877446901344,
  "median": 7.147648350724875,
  "method": "fc4_colorchecker",
  "n": 810.0,
  "p95": 17.060623896629046,
  "split": "test",
  "std": 5.5457288305149115
}