{
  "fail_gt_10": 0.1037037037037037,
  "fail_gt_2": 0.7555555555555555,
  "fail_gt_5": 0.49753086419753084,
  "mean": 5.174494546229905,
  "mean_ci_high": 5.449969219784025,
  "mean_ci_low": 4.882555233200642,
  "median": 4.986909532326554,
  "method": "diagonal",
  "n": 810.0,
  "p95": 12.212198871075433,
  "split": "test",
  "std": 4.163921817442784
}