{
  "fail_gt_10": 0.27314814814814814,
  "fail_gt_2": 0.9629629629629629,
  "fail_gt_5": 0.6697530864197531,
  "mean": 7.323438328413869,
  "mean_ci_high": 7.6152065177276596,
  "mean_ci_low": 7.03481864545942,
  "median": 6.567303704713673,
  "method": "full_image_gray_edge",
  "n": 648.0,
  "p95": 13.73683354910385,
  "split": "test",
  "std": 3.7852736494371593
}