{
  "fail_gt_10": 0.12484848484848485,
  "fail_gt_2": 0.7733333333333333,
  "fail_gt_5": 0.5333333333333333,
  "mean": 5.570267894899283,
  "mean_ci_high": 5.877011405591554,
  "mean_ci_low": 5.272227242633968,
  "median": 5.297991637410604,
  "method": "channel_regression",
  "n": 825.0,
  "p95": 13.622741541369084,
  "split": "test",
  "std": 4.471661203445649
}