{
  "fail_gt_10": 0.2916666666666667,
  "fail_gt_2": 0.9845679012345679,
  "fail_gt_5": 0.8024691358024691,
  "mean": 8.431026043191233,
  "mean_ci_high": 8.74223237648054,
  "mean_ci_low": 8.135138719831144,
  "median": 7.936201465527388,
  "method": "fc4_colorchecker",
  "n": 648.0,
  "p95": 16.366226286243435,
  "split": "test",
  "std": 4.034466782644357
}