{
  "fail_gt_10": 0.17901234567901234,
  "fail_gt_2": 0.9783950617283951,
  "fail_gt_5": 0.6743827160493827,
  "mean": 7.01067343266741,
  "mean_ci_high": 7.299650982343805,
  "mean_ci_low": 6.751091311015415,
  "median": 6.119942499165718,
  "method": "diagonal",
  "n": 648.0,
  "p95": 14.522809201196553,
  "split": "test",
  "std": 3.6433723955624098
}