{
  "fail_gt_10": 0.06060606060606061,
  "fail_gt_2": 0.6363636363636364,
  "fail_gt_5": 0.46464646464646464,
  "mean": 4.390868387561202,
  "mean_ci_high": 5.149327974877717,
  "mean_ci_low": 3.6589482110635783,
  "median": 4.445090946471842,
  "method": "channel_regression",
  "n": 99.0,
  "p95": 10.295336405674316,
  "split": "test",
  "std": 3.828147434758166
}