{
  "fail_gt_10": 0.2096969696969697,
  "fail_gt_2": 0.7587878787878788,
  "fail_gt_5": 0.5890909090909091,
  "mean": 6.443410108482186,
  "mean_ci_high": 6.7822271235819365,
  "mean_ci_low": 6.101394462571316,
  "median": 6.424446915537255,
  "method": "full_image_white_patch",
  "n": 825.0,
  "p95": 16.273655040039337,
  "split": "test",
  "std": 5.054900227024806
}